STATEFP,COUNTYFP,TRACTCE,AFFGEOID,GEOID,NAME,NAMELSAD,STUSPS,NAMELSADCO,STATE_NAME,LSAD,ALAND,AWATER
"06","071","008800",1400000US06071008800,"06071008800","88",Census Tract 88,CA,San Bernardino County,California,CT,3167796,0
"06","071","006204",1400000US06071006204,"06071006204","62.04",Census Tract 62.04,CA,San Bernardino County,California,CT,1129808,0
"06","071","004604",1400000US06071004604,"06071004604","46.04",Census Tract 46.04,CA,San Bernardino County,California,CT,2407936,0
"06","071","003505",1400000US06071003505,"06071003505","35.05",Census Tract 35.05,CA,San Bernardino County,California,CT,1306694,0
"06","071","003405",1400000US06071003405,"06071003405","34.05",Census Tract 34.05,CA,San Bernardino County,California,CT,934271,0
"06","071","007603",1400000US06071007603,"06071007603","76.03",Census Tract 76.03,CA,San Bernardino County,California,CT,1677399,0
"06","071","002804",1400000US06071002804,"06071002804","28.04",Census Tract 28.04,CA,San Bernardino County,California,CT,1003614,0
"06","071","000818",1400000US06071000818,"06071000818","8.18",Census Tract 8.18,CA,San Bernardino County,California,CT,2854112,0
"06","071","000826",1400000US06071000826,"06071000826","8.26",Census Tract 8.26,CA,San Bernardino County,California,CT,1699039,0
"06","071","000108",1400000US06071000108,"06071000108","1.08",Census Tract 1.08,CA,San Bernardino County,California,CT,2879342,0
"06","071","001706",1400000US06071001706,"06071001706","17.06",Census Tract 17.06,CA,San Bernardino County,California,CT,1114627,0
"06","071","001400",1400000US06071001400,"06071001400","14",Census Tract 14,CA,San Bernardino County,California,CT,1145117,0
"06","071","001906",1400000US06071001906,"06071001906","19.06",Census Tract 19.06,CA,San Bernardino County,California,CT,7802825,0
"06","071","001806",1400000US06071001806,"06071001806","18.06",Census Tract 18.06,CA,San Bernardino County,California,CT,1463379,0
"06","071","002017",1400000US06071002017,"06071002017","20.17",Census Tract 20.17,CA,San Bernardino County,California,CT,6097370,0
"06","071","002103",1400000US06071002103,"06071002103","21.03",Census Tract 21.03,CA,San Bernardino County,California,CT,861658,0
"06","071","001810",1400000US06071001810,"06071001810","18.10",Census Tract 18.10,CA,San Bernardino County,California,CT,988342,0
"06","071","012300",1400000US06071012300,"06071012300","123",Census Tract 123,CA,San Bernardino County,California,CT,963202,0
"06","071","008100",1400000US06071008100,"06071008100","81",Census Tract 81,CA,San Bernardino County,California,CT,1856743,0
"06","071","008709",1400000US06071008709,"06071008709","87.09",Census Tract 87.09,CA,San Bernardino County,California,CT,2809468,0
"06","071","000304",1400000US06071000304,"06071000304","3.04",Census Tract 3.04,CA,San Bernardino County,California,CT,3229927,0
"06","071","004800",1400000US06071004800,"06071004800","48",Census Tract 48,CA,San Bernardino County,California,CT,866044,0
"06","071","008404",1400000US06071008404,"06071008404","84.04",Census Tract 84.04,CA,San Bernardino County,California,CT,1295176,0
"06","071","002311",1400000US06071002311,"06071002311","23.11",Census Tract 23.11,CA,San Bernardino County,California,CT,1359298,0
"06","071","010805",1400000US06071010805,"06071010805","108.05",Census Tract 108.05,CA,San Bernardino County,California,CT,200414768,3666001
"06","071","009123",1400000US06071009123,"06071009123","91.23",Census Tract 91.23,CA,San Bernardino County,California,CT,23137808,0
"06","071","010042",1400000US06071010042,"06071010042","100.42",Census Tract 100.42,CA,San Bernardino County,California,CT,10981634,0
"06","071","009130",1400000US06071009130,"06071009130","91.30",Census Tract 91.30,CA,San Bernardino County,California,CT,1630836,0
"06","071","009128",1400000US06071009128,"06071009128","91.28",Census Tract 91.28,CA,San Bernardino County,California,CT,7785380,0
"06","071","009138",1400000US06071009138,"06071009138","91.38",Census Tract 91.38,CA,San Bernardino County,California,CT,3120675,0
"06","071","009139",1400000US06071009139,"06071009139","91.39",Census Tract 91.39,CA,San Bernardino County,California,CT,3918915,0
"06","071","007605",1400000US06071007605,"06071007605","76.05",Census Tract 76.05,CA,San Bernardino County,California,CT,787988,0
"06","071","005102",1400000US06071005102,"06071005102","51.02",Census Tract 51.02,CA,San Bernardino County,California,CT,1840270,0
"06","071","002707",1400000US06071002707,"06071002707","27.07",Census Tract 27.07,CA,San Bernardino County,California,CT,1499873,0
"06","071","002048",1400000US06071002048,"06071002048","20.48",Census Tract 20.48,CA,San Bernardino County,California,CT,1565671,0
"06","071","009501",1400000US06071009501,"06071009501","95.01",Census Tract 95.01,CA,San Bernardino County,California,CT,2084011,0
"06","071","010036",1400000US06071010036,"06071010036","100.36",Census Tract 100.36,CA,San Bernardino County,California,CT,4278647,0
"06","071","009914",1400000US06071009914,"06071009914","99.14",Census Tract 99.14,CA,San Bernardino County,California,CT,2736841,0
"06","071","008708",1400000US06071008708,"06071008708","87.08",Census Tract 87.08,CA,San Bernardino County,California,CT,3535108,0
"06","071","007408",1400000US06071007408,"06071007408","74.08",Census Tract 74.08,CA,San Bernardino County,California,CT,1299414,0
"06","071","006402",1400000US06071006402,"06071006402","64.02",Census Tract 64.02,CA,San Bernardino County,California,CT,1970757,0
"06","071","008302",1400000US06071008302,"06071008302","83.02",Census Tract 83.02,CA,San Bernardino County,California,CT,4709501,0
"06","071","007107",1400000US06071007107,"06071007107","71.07",Census Tract 71.07,CA,San Bernardino County,California,CT,2364324,19737
"06","071","003302",1400000US06071003302,"06071003302","33.02",Census Tract 33.02,CA,San Bernardino County,California,CT,2697455,0
"06","071","002803",1400000US06071002803,"06071002803","28.03",Census Tract 28.03,CA,San Bernardino County,California,CT,1000100,0
"06","071","007110",1400000US06071007110,"06071007110","71.10",Census Tract 71.10,CA,San Bernardino County,California,CT,2500394,0
"06","071","000808",1400000US06071000808,"06071000808","8.08",Census Tract 8.08,CA,San Bernardino County,California,CT,2564881,0
"06","071","001200",1400000US06071001200,"06071001200","12",Census Tract 12,CA,San Bernardino County,California,CT,1540368,0
"06","071","001104",1400000US06071001104,"06071001104","11.04",Census Tract 11.04,CA,San Bernardino County,California,CT,1792399,0
"06","071","009906",1400000US06071009906,"06071009906","99.06",Census Tract 99.06,CA,San Bernardino County,California,CT,2455795,0
"06","071","008710",1400000US06071008710,"06071008710","87.10",Census Tract 87.10,CA,San Bernardino County,California,CT,1845709,0
"06","071","011102",1400000US06071011102,"06071011102","111.02",Census Tract 111.02,CA,San Bernardino County,California,CT,205840849,513081
"06","071","011204",1400000US06071011204,"06071011204","112.04",Census Tract 112.04,CA,San Bernardino County,California,CT,3785231,0
"06","071","001803",1400000US06071001803,"06071001803","18.03",Census Tract 18.03,CA,San Bernardino County,California,CT,9195675,0
"06","071","010016",1400000US06071010016,"06071010016","100.16",Census Tract 100.16,CA,San Bernardino County,California,CT,5954851,0
"06","071","000105",1400000US06071000105,"06071000105","1.05",Census Tract 1.05,CA,San Bernardino County,California,CT,5776985,0
"06","071","000604",1400000US06071000604,"06071000604","6.04",Census Tract 6.04,CA,San Bernardino County,California,CT,2267256,0
"06","071","010021",1400000US06071010021,"06071010021","100.21",Census Tract 100.21,CA,San Bernardino County,California,CT,6442102,0
"06","071","001804",1400000US06071001804,"06071001804","18.04",Census Tract 18.04,CA,San Bernardino County,California,CT,1959066,0
"06","071","001308",1400000US06071001308,"06071001308","13.08",Census Tract 13.08,CA,San Bernardino County,California,CT,1077531,0
"06","071","009800",1400000US06071009800,"06071009800","98",Census Tract 98,CA,San Bernardino County,California,CT,3351495,0
"06","071","000208",1400000US06071000208,"06071000208","2.08",Census Tract 2.08,CA,San Bernardino County,California,CT,1300363,0
"06","071","002027",1400000US06071002027,"06071002027","20.27",Census Tract 20.27,CA,San Bernardino County,California,CT,1946215,0
"06","071","001503",1400000US06071001503,"06071001503","15.03",Census Tract 15.03,CA,San Bernardino County,California,CT,553555,0
"06","071","004001",1400000US06071004001,"06071004001","40.01",Census Tract 40.01,CA,San Bernardino County,California,CT,3258715,0
"06","071","003603",1400000US06071003603,"06071003603","36.03",Census Tract 36.03,CA,San Bernardino County,California,CT,1300549,0
"06","071","003611",1400000US06071003611,"06071003611","36.11",Census Tract 36.11,CA,San Bernardino County,California,CT,643986,0
"06","071","007108",1400000US06071007108,"06071007108","71.08",Census Tract 71.08,CA,San Bernardino County,California,CT,2696921,168572
"06","071","002708",1400000US06071002708,"06071002708","27.08",Census Tract 27.08,CA,San Bernardino County,California,CT,2479130,0
"06","071","007411",1400000US06071007411,"06071007411","74.11",Census Tract 74.11,CA,San Bernardino County,California,CT,1514343,0
"06","071","010041",1400000US06071010041,"06071010041","100.41",Census Tract 100.41,CA,San Bernardino County,California,CT,8128424,0
"06","071","009137",1400000US06071009137,"06071009137","91.37",Census Tract 91.37,CA,San Bernardino County,California,CT,1827642,0
"06","071","009124",1400000US06071009124,"06071009124","91.24",Census Tract 91.24,CA,San Bernardino County,California,CT,2603015,0
"06","071","008003",1400000US06071008003,"06071008003","80.03",Census Tract 80.03,CA,San Bernardino County,California,CT,1289255,0
"06","071","007606",1400000US06071007606,"06071007606","76.06",Census Tract 76.06,CA,San Bernardino County,California,CT,1811088,0
"06","071","006303",1400000US06071006303,"06071006303","63.03",Census Tract 63.03,CA,San Bernardino County,California,CT,1207018,0
"06","071","005602",1400000US06071005602,"06071005602","56.02",Census Tract 56.02,CA,San Bernardino County,California,CT,616487,0
"06","071","002043",1400000US06071002043,"06071002043","20.43",Census Tract 20.43,CA,San Bernardino County,California,CT,3549546,0
"06","071","012202",1400000US06071012202,"06071012202","122.02",Census Tract 122.02,CA,San Bernardino County,California,CT,7273142,0
"06","071","002050",1400000US06071002050,"06071002050","20.50",Census Tract 20.50,CA,San Bernardino County,California,CT,1272491,0
"06","071","009915",1400000US06071009915,"06071009915","99.15",Census Tract 99.15,CA,San Bernardino County,California,CT,5914520,33219
"06","071","010039",1400000US06071010039,"06071010039","100.39",Census Tract 100.39,CA,San Bernardino County,California,CT,3323491,20239
"06","071","002042",1400000US06071002042,"06071002042","20.42",Census Tract 20.42,CA,San Bernardino County,California,CT,5268533,0
"06","071","010040",1400000US06071010040,"06071010040","100.40",Census Tract 100.40,CA,San Bernardino County,California,CT,827302,782746
"06","071","000404",1400000US06071000404,"06071000404","4.04",Census Tract 4.04,CA,San Bernardino County,California,CT,2800022,0
"06","071","002038",1400000US06071002038,"06071002038","20.38",Census Tract 20.38,CA,San Bernardino County,California,CT,2047738,0
"06","071","004404",1400000US06071004404,"06071004404","44.04",Census Tract 44.04,CA,San Bernardino County,California,CT,1563347,0
"06","071","011205",1400000US06071011205,"06071011205","112.05",Census Tract 112.05,CA,San Bernardino County,California,CT,2783714,50424
"06","071","007409",1400000US06071007409,"06071007409","74.09",Census Tract 74.09,CA,San Bernardino County,California,CT,2284547,0
"06","071","010300",1400000US06071010300,"06071010300","103",Census Tract 103,CA,San Bernardino County,California,CT,18005085394,6351750
"06","071","003509",1400000US06071003509,"06071003509","35.09",Census Tract 35.09,CA,San Bernardino County,California,CT,1949168,0
"06","071","002606",1400000US06071002606,"06071002606","26.06",Census Tract 26.06,CA,San Bernardino County,California,CT,2788833,0
"06","071","001812",1400000US06071001812,"06071001812","18.12",Census Tract 18.12,CA,San Bernardino County,California,CT,888388,0
"06","071","003101",1400000US06071003101,"06071003101","31.01",Census Tract 31.01,CA,San Bernardino County,California,CT,1378998,0
"06","071","000817",1400000US06071000817,"06071000817","8.17",Census Tract 8.17,CA,San Bernardino County,California,CT,3965938,0
"06","071","010011",1400000US06071010011,"06071010011","100.11",Census Tract 100.11,CA,San Bernardino County,California,CT,5962740,0
"06","071","009718",1400000US06071009718,"06071009718","97.18",Census Tract 97.18,CA,San Bernardino County,California,CT,4422772,155594
"06","071","007412",1400000US06071007412,"06071007412","74.12",Census Tract 74.12,CA,San Bernardino County,California,CT,2396262,0
"06","071","011602",1400000US06071011602,"06071011602","116.02",Census Tract 116.02,CA,San Bernardino County,California,CT,3436597010,584096
"06","071","005601",1400000US06071005601,"06071005601","56.01",Census Tract 56.01,CA,San Bernardino County,California,CT,1216904,0
"06","071","002608",1400000US06071002608,"06071002608","26.08",Census Tract 26.08,CA,San Bernardino County,California,CT,8627318,0
"06","071","010030",1400000US06071010030,"06071010030","100.30",Census Tract 100.30,CA,San Bernardino County,California,CT,5545788,0
"06","071","006401",1400000US06071006401,"06071006401","64.01",Census Tract 64.01,CA,San Bernardino County,California,CT,2024263,0
"06","071","002703",1400000US06071002703,"06071002703","27.03",Census Tract 27.03,CA,San Bernardino County,California,CT,1964260,0
"06","071","003000",1400000US06071003000,"06071003000","30",Census Tract 30,CA,San Bernardino County,California,CT,1293035,0
"06","071","011500",1400000US06071011500,"06071011500","115",Census Tract 115,CA,San Bernardino County,California,CT,672938634,648142
"06","071","000606",1400000US06071000606,"06071000606","6.06",Census Tract 6.06,CA,San Bernardino County,California,CT,970274,0
"06","071","002031",1400000US06071002031,"06071002031","20.31",Census Tract 20.31,CA,San Bernardino County,California,CT,2038787,0
"06","071","001311",1400000US06071001311,"06071001311","13.11",Census Tract 13.11,CA,San Bernardino County,California,CT,1537807,0
"06","071","010038",1400000US06071010038,"06071010038","100.38",Census Tract 100.38,CA,San Bernardino County,California,CT,2573753,0
"06","071","010433",1400000US06071010433,"06071010433","104.33",Census Tract 104.33,CA,San Bernardino County,California,CT,5243892,0
"06","071","009132",1400000US06071009132,"06071009132","91.32",Census Tract 91.32,CA,San Bernardino County,California,CT,13277713,0
"06","071","005502",1400000US06071005502,"06071005502","55.02",Census Tract 55.02,CA,San Bernardino County,California,CT,1154441,0
"06","071","002308",1400000US06071002308,"06071002308","23.08",Census Tract 23.08,CA,San Bernardino County,California,CT,4420756,0
"06","071","005501",1400000US06071005501,"06071005501","55.01",Census Tract 55.01,CA,San Bernardino County,California,CT,608141,0
"06","071","002503",1400000US06071002503,"06071002503","25.03",Census Tract 25.03,CA,San Bernardino County,California,CT,1292635,0
"06","071","003102",1400000US06071003102,"06071003102","31.02",Census Tract 31.02,CA,San Bernardino County,California,CT,1297980,0
"06","071","002018",1400000US06071002018,"06071002018","20.18",Census Tract 20.18,CA,San Bernardino County,California,CT,2614958,0
"06","071","006203",1400000US06071006203,"06071006203","62.03",Census Tract 62.03,CA,San Bernardino County,California,CT,1294475,0
"06","071","005400",1400000US06071005400,"06071005400","54",Census Tract 54,CA,San Bernardino County,California,CT,1810776,0
"06","071","003503",1400000US06071003503,"06071003503","35.03",Census Tract 35.03,CA,San Bernardino County,California,CT,3936560,0
"06","071","003510",1400000US06071003510,"06071003510","35.10",Census Tract 35.10,CA,San Bernardino County,California,CT,2587037,0
"06","071","001501",1400000US06071001501,"06071001501","15.01",Census Tract 15.01,CA,San Bernardino County,California,CT,751633,0
"06","071","002312",1400000US06071002312,"06071002312","23.12",Census Tract 23.12,CA,San Bernardino County,California,CT,3318516,0
"06","071","009122",1400000US06071009122,"06071009122","91.22",Census Tract 91.22,CA,San Bernardino County,California,CT,46469049,0
"06","071","004901",1400000US06071004901,"06071004901","49.01",Census Tract 49.01,CA,San Bernardino County,California,CT,1979628,0
"06","071","001911",1400000US06071001911,"06071001911","19.11",Census Tract 19.11,CA,San Bernardino County,California,CT,1785948,0
"06","071","009719",1400000US06071009719,"06071009719","97.19",Census Tract 97.19,CA,San Bernardino County,California,CT,16843914,175613
"06","071","008405",1400000US06071008405,"06071008405","84.05",Census Tract 84.05,CA,San Bernardino County,California,CT,2017890,0
"06","071","002015",1400000US06071002015,"06071002015","20.15",Census Tract 20.15,CA,San Bernardino County,California,CT,2038821,0
"06","071","009908",1400000US06071009908,"06071009908","99.08",Census Tract 99.08,CA,San Bernardino County,California,CT,2233451,0
"06","071","008402",1400000US06071008402,"06071008402","84.02",Census Tract 84.02,CA,San Bernardino County,California,CT,2582737,0
"06","071","000503",1400000US06071000503,"06071000503","5.03",Census Tract 5.03,CA,San Bernardino County,California,CT,1292981,0
"06","071","000901",1400000US06071000901,"06071000901","9.01",Census Tract 9.01,CA,San Bernardino County,California,CT,1826385,0
"06","071","001504",1400000US06071001504,"06071001504","15.04",Census Tract 15.04,CA,San Bernardino County,California,CT,1283698,0
"06","071","009131",1400000US06071009131,"06071009131","91.31",Census Tract 91.31,CA,San Bernardino County,California,CT,6521555,0
"06","071","002049",1400000US06071002049,"06071002049","20.49",Census Tract 20.49,CA,San Bernardino County,California,CT,459292,0
"06","071","006301",1400000US06071006301,"06071006301","63.01",Census Tract 63.01,CA,San Bernardino County,California,CT,2636570,0
"06","071","006201",1400000US06071006201,"06071006201","62.01",Census Tract 62.01,CA,San Bernardino County,California,CT,1578594,0
"06","071","000825",1400000US06071000825,"06071000825","8.25",Census Tract 8.25,CA,San Bernardino County,California,CT,952026,0
"06","071","000107",1400000US06071000107,"06071000107","1.07",Census Tract 1.07,CA,San Bernardino County,California,CT,1411508,0
"06","071","001307",1400000US06071001307,"06071001307","13.07",Census Tract 13.07,CA,San Bernardino County,California,CT,1281879,0
"06","071","008202",1400000US06071008202,"06071008202","82.02",Census Tract 82.02,CA,San Bernardino County,California,CT,1363094,0
"06","071","002309",1400000US06071002309,"06071002309","23.09",Census Tract 23.09,CA,San Bernardino County,California,CT,1336316,0
"06","071","002029",1400000US06071002029,"06071002029","20.29",Census Tract 20.29,CA,San Bernardino County,California,CT,1992452,0
"06","071","002046",1400000US06071002046,"06071002046","20.46",Census Tract 20.46,CA,San Bernardino County,California,CT,3770874,0
"06","071","008705",1400000US06071008705,"06071008705","87.05",Census Tract 87.05,CA,San Bernardino County,California,CT,4575669,0
"06","071","010410",1400000US06071010410,"06071010410","104.10",Census Tract 104.10,CA,San Bernardino County,California,CT,57127609,0
"06","071","007404",1400000US06071007404,"06071007404","74.04",Census Tract 74.04,CA,San Bernardino County,California,CT,3211290,0
"06","071","005300",1400000US06071005300,"06071005300","53",Census Tract 53,CA,San Bernardino County,California,CT,1773550,0
"06","071","005200",1400000US06071005200,"06071005200","52",Census Tract 52,CA,San Bernardino County,California,CT,1979874,0
"06","071","004700",1400000US06071004700,"06071004700","47",Census Tract 47,CA,San Bernardino County,California,CT,1994953,0
"06","071","011300",1400000US06071011300,"06071011300","113",Census Tract 113,CA,San Bernardino County,California,CT,247709908,11059367
"06","071","003403",1400000US06071003403,"06071003403","34.03",Census Tract 34.03,CA,San Bernardino County,California,CT,1947308,0
"06","071","003506",1400000US06071003506,"06071003506","35.06",Census Tract 35.06,CA,San Bernardino County,California,CT,1633149,0
"06","071","002801",1400000US06071002801,"06071002801","28.01",Census Tract 28.01,CA,San Bernardino County,California,CT,1327137,0
"06","071","002307",1400000US06071002307,"06071002307","23.07",Census Tract 23.07,CA,San Bernardino County,California,CT,1639784,0
"06","071","007800",1400000US06071007800,"06071007800","78",Census Tract 78,CA,San Bernardino County,California,CT,17917358,0
"06","071","004601",1400000US06071004601,"06071004601","46.01",Census Tract 46.01,CA,San Bernardino County,California,CT,3854945,0
"06","071","003401",1400000US06071003401,"06071003401","34.01",Census Tract 34.01,CA,San Bernardino County,California,CT,2591609,0
"06","071","002706",1400000US06071002706,"06071002706","27.06",Census Tract 27.06,CA,San Bernardino County,California,CT,41433197,0
"06","071","004103",1400000US06071004103,"06071004103","41.03",Census Tract 41.03,CA,San Bernardino County,California,CT,2964291,0
"06","071","000823",1400000US06071000823,"06071000823","8.23",Census Tract 8.23,CA,San Bernardino County,California,CT,1898548,0
"06","071","000820",1400000US06071000820,"06071000820","8.20",Census Tract 8.20,CA,San Bernardino County,California,CT,4443132,0
"06","071","002107",1400000US06071002107,"06071002107","21.07",Census Tract 21.07,CA,San Bernardino County,California,CT,1460694,0
"06","071","001002",1400000US06071001002,"06071001002","10.02",Census Tract 10.02,CA,San Bernardino County,California,CT,1203162,0
"06","071","001707",1400000US06071001707,"06071001707","17.07",Census Tract 17.07,CA,San Bernardino County,California,CT,1709523,0
"06","071","000117",1400000US06071000117,"06071000117","1.17",Census Tract 1.17,CA,San Bernardino County,California,CT,5399403,0
"06","071","000104",1400000US06071000104,"06071000104","1.04",Census Tract 1.04,CA,San Bernardino County,California,CT,4153781,0
"06","071","010019",1400000US06071010019,"06071010019","100.19",Census Tract 100.19,CA,San Bernardino County,California,CT,9098830,0
"06","071","001808",1400000US06071001808,"06071001808","18.08",Census Tract 18.08,CA,San Bernardino County,California,CT,1130298,0
"06","071","001600",1400000US06071001600,"06071001600","16",Census Tract 16,CA,San Bernardino County,California,CT,12421088,0
"06","071","009709",1400000US06071009709,"06071009709","97.09",Census Tract 97.09,CA,San Bernardino County,California,CT,7734045,0
"06","071","001312",1400000US06071001312,"06071001312","13.12",Census Tract 13.12,CA,San Bernardino County,California,CT,2701222,0
"06","071","009712",1400000US06071009712,"06071009712","97.12",Census Tract 97.12,CA,San Bernardino County,California,CT,15037627,0
"06","071","009202",1400000US06071009202,"06071009202","92.02",Census Tract 92.02,CA,San Bernardino County,California,CT,426213704,444588
"06","071","000203",1400000US06071000203,"06071000203","2.03",Census Tract 2.03,CA,San Bernardino County,California,CT,1483304,0
"06","071","002014",1400000US06071002014,"06071002014","20.14",Census Tract 20.14,CA,San Bernardino County,California,CT,4066829,0
"06","071","002011",1400000US06071002011,"06071002011","20.11",Census Tract 20.11,CA,San Bernardino County,California,CT,3917436,0
"06","071","002021",1400000US06071002021,"06071002021","20.21",Census Tract 20.21,CA,San Bernardino County,California,CT,7780053,0
"06","071","002019",1400000US06071002019,"06071002019","20.19",Census Tract 20.19,CA,San Bernardino County,California,CT,2470572,0
"06","071","001305",1400000US06071001305,"06071001305","13.05",Census Tract 13.05,CA,San Bernardino County,California,CT,1200653,0
"06","071","002025",1400000US06071002025,"06071002025","20.25",Census Tract 20.25,CA,San Bernardino County,California,CT,1811902,0
"06","071","004509",1400000US06071004509,"06071004509","45.09",Census Tract 45.09,CA,San Bernardino County,California,CT,2117007,0
"06","071","006603",1400000US06071006603,"06071006603","66.03",Census Tract 66.03,CA,San Bernardino County,California,CT,1833944,0
"06","071","003801",1400000US06071003801,"06071003801","38.01",Census Tract 38.01,CA,San Bernardino County,California,CT,1888548,0
"06","071","980100",1400000US06071980100,"06071980100","9801",Census Tract 9801,CA,San Bernardino County,California,CT,8043928,0
"06","071","010009",1400000US06071010009,"06071010009","100.09",Census Tract 100.09,CA,San Bernardino County,California,CT,17179133,0
"06","071","980200",1400000US06071980200,"06071980200","9802",Census Tract 9802,CA,San Bernardino County,California,CT,23107654,0
"06","071","010417",1400000US06071010417,"06071010417","104.17",Census Tract 104.17,CA,San Bernardino County,California,CT,52197147,0
"06","071","010422",1400000US06071010422,"06071010422","104.22",Census Tract 104.22,CA,San Bernardino County,California,CT,33693773,0
"06","071","000111",1400000US06071000111,"06071000111","1.11",Census Tract 1.11,CA,San Bernardino County,California,CT,10807945,0
"06","071","025100",1400000US06071025100,"06071025100","251",Census Tract 251,CA,San Bernardino County,California,CT,7231730389,44126434
"06","071","009201",1400000US06071009201,"06071009201","92.01",Census Tract 92.01,CA,San Bernardino County,California,CT,33825506,8669
"06","071","011404",1400000US06071011404,"06071011404","114.04",Census Tract 114.04,CA,San Bernardino County,California,CT,147174939,35603
"06","071","010419",1400000US06071010419,"06071010419","104.19",Census Tract 104.19,CA,San Bernardino County,California,CT,65434649,0
"06","071","009121",1400000US06071009121,"06071009121","91.21",Census Tract 91.21,CA,San Bernardino County,California,CT,31930643,7094
"06","071","002040",1400000US06071002040,"06071002040","20.40",Census Tract 20.40,CA,San Bernardino County,California,CT,3030758,0
"06","071","010428",1400000US06071010428,"06071010428","104.28",Census Tract 104.28,CA,San Bernardino County,California,CT,49110952,0
"06","071","010435",1400000US06071010435,"06071010435","104.35",Census Tract 104.35,CA,San Bernardino County,California,CT,157553072,0
"06","071","011406",1400000US06071011406,"06071011406","114.06",Census Tract 114.06,CA,San Bernardino County,California,CT,2391162,9372
"06","071","011405",1400000US06071011405,"06071011405","114.05",Census Tract 114.05,CA,San Bernardino County,California,CT,7084935,0
"06","071","011003",1400000US06071011003,"06071011003","110.03",Census Tract 110.03,CA,San Bernardino County,California,CT,5258802,0
"06","071","010806",1400000US06071010806,"06071010806","108.06",Census Tract 108.06,CA,San Bernardino County,California,CT,12526996,0
"06","071","010033",1400000US06071010033,"06071010033","100.33",Census Tract 100.33,CA,San Bernardino County,California,CT,1453692,0
"06","071","007905",1400000US06071007905,"06071007905","79.05",Census Tract 79.05,CA,San Bernardino County,California,CT,3151408,0
"06","071","009129",1400000US06071009129,"06071009129","91.29",Census Tract 91.29,CA,San Bernardino County,California,CT,12194860,0
"06","071","006304",1400000US06071006304,"06071006304","63.04",Census Tract 63.04,CA,San Bernardino County,California,CT,1387818,0
"06","071","009127",1400000US06071009127,"06071009127","91.27",Census Tract 91.27,CA,San Bernardino County,California,CT,2723229,0
"06","071","009126",1400000US06071009126,"06071009126","91.26",Census Tract 91.26,CA,San Bernardino County,California,CT,21851632,0
"06","071","009134",1400000US06071009134,"06071009134","91.34",Census Tract 91.34,CA,San Bernardino County,California,CT,472829550,1017671
"06","071","008502",1400000US06071008502,"06071008502","85.02",Census Tract 85.02,CA,San Bernardino County,California,CT,21638870,0
"06","071","008201",1400000US06071008201,"06071008201","82.01",Census Tract 82.01,CA,San Bernardino County,California,CT,999617,0
"06","071","008714",1400000US06071008714,"06071008714","87.14",Census Tract 87.14,CA,San Bernardino County,California,CT,2624951,0
"06","071","006501",1400000US06071006501,"06071006501","65.01",Census Tract 65.01,CA,San Bernardino County,California,CT,2283397,0
"06","071","007202",1400000US06071007202,"06071007202","72.02",Census Tract 72.02,CA,San Bernardino County,California,CT,7631738,0
"06","071","007112",1400000US06071007112,"06071007112","71.12",Census Tract 71.12,CA,San Bernardino County,California,CT,925861,0
"06","071","002045",1400000US06071002045,"06071002045","20.45",Census Tract 20.45,CA,San Bernardino County,California,CT,1211333,0
"06","071","000308",1400000US06071000308,"06071000308","3.08",Census Tract 3.08,CA,San Bernardino County,California,CT,779575,0
"06","071","000119",1400000US06071000119,"06071000119","1.19",Census Tract 1.19,CA,San Bernardino County,California,CT,2030635,72596
"06","071","002504",1400000US06071002504,"06071002504","25.04",Census Tract 25.04,CA,San Bernardino County,California,CT,1301148,0
"06","071","001909",1400000US06071001909,"06071001909","19.09",Census Tract 19.09,CA,San Bernardino County,California,CT,7065145,0
"06","071","011801",1400000US06071011801,"06071011801","118.01",Census Tract 118.01,CA,San Bernardino County,California,CT,67089185,0
"06","071","009725",1400000US06071009725,"06071009725","97.25",Census Tract 97.25,CA,San Bernardino County,California,CT,8512000,0
"06","071","002039",1400000US06071002039,"06071002039","20.39",Census Tract 20.39,CA,San Bernardino County,California,CT,4968450,0
"06","071","001910",1400000US06071001910,"06071001910","19.10",Census Tract 19.10,CA,San Bernardino County,California,CT,12853404,0
"06","071","009912",1400000US06071009912,"06071009912","99.12",Census Tract 99.12,CA,San Bernardino County,California,CT,2821704,0
"06","071","009300",1400000US06071009300,"06071009300","93",Census Tract 93,CA,San Bernardino County,California,CT,11464768,0
"06","071","007604",1400000US06071007604,"06071007604","76.04",Census Tract 76.04,CA,San Bernardino County,California,CT,7353917,199580
"06","071","007410",1400000US06071007410,"06071007410","74.10",Census Tract 74.10,CA,San Bernardino County,California,CT,2278645,0
"06","071","006604",1400000US06071006604,"06071006604","66.04",Census Tract 66.04,CA,San Bernardino County,California,CT,984765,0
"06","071","006700",1400000US06071006700,"06071006700","67",Census Tract 67,CA,San Bernardino County,California,CT,1903167,0
"06","071","005701",1400000US06071005701,"06071005701","57.01",Census Tract 57.01,CA,San Bernardino County,California,CT,3483777,0
"06","071","008403",1400000US06071008403,"06071008403","84.03",Census Tract 84.03,CA,San Bernardino County,California,CT,5249855,1963
"06","071","008301",1400000US06071008301,"06071008301","83.01",Census Tract 83.01,CA,San Bernardino County,California,CT,4044911,0
"06","071","008001",1400000US06071008001,"06071008001","80.01",Census Tract 80.01,CA,San Bernardino County,California,CT,4890525,0
"06","071","007903",1400000US06071007903,"06071007903","79.03",Census Tract 79.03,CA,San Bernardino County,California,CT,2396900,0
"06","071","007106",1400000US06071007106,"06071007106","71.06",Census Tract 71.06,CA,San Bernardino County,California,CT,2813709,0
"06","071","003700",1400000US06071003700,"06071003700","37",Census Tract 37,CA,San Bernardino County,California,CT,1293751,0
"06","071","002902",1400000US06071002902,"06071002902","29.02",Census Tract 29.02,CA,San Bernardino County,California,CT,1944755,0
"06","071","004505",1400000US06071004505,"06071004505","45.05",Census Tract 45.05,CA,San Bernardino County,California,CT,1653902,0
"06","071","004401",1400000US06071004401,"06071004401","44.01",Census Tract 44.01,CA,San Bernardino County,California,CT,1783274,0
"06","071","003900",1400000US06071003900,"06071003900","39",Census Tract 39,CA,San Bernardino County,California,CT,1572018,0
"06","071","003606",1400000US06071003606,"06071003606","36.06",Census Tract 36.06,CA,San Bernardino County,California,CT,2515414,0
"06","071","002602",1400000US06071002602,"06071002602","26.02",Census Tract 26.02,CA,San Bernardino County,California,CT,2012382,0
"06","071","000824",1400000US06071000824,"06071000824","8.24",Census Tract 8.24,CA,San Bernardino County,California,CT,1442087,0
"06","071","000816",1400000US06071000816,"06071000816","8.16",Census Tract 8.16,CA,San Bernardino County,California,CT,2557605,0
"06","071","007407",1400000US06071007407,"06071007407","74.07",Census Tract 74.07,CA,San Bernardino County,California,CT,1297666,0
"06","071","012500",1400000US06071012500,"06071012500","125",Census Tract 125,CA,San Bernardino County,California,CT,4265484,97098
"06","071","000812",1400000US06071000812,"06071000812","8.12",Census Tract 8.12,CA,San Bernardino County,California,CT,2812354,0
"06","071","000501",1400000US06071000501,"06071000501","5.01",Census Tract 5.01,CA,San Bernardino County,California,CT,2590615,0
"06","071","008601",1400000US06071008601,"06071008601","86.01",Census Tract 86.01,CA,San Bernardino County,California,CT,5139015,15096
"06","071","009910",1400000US06071009910,"06071009910","99.10",Census Tract 99.10,CA,San Bernardino County,California,CT,4387585,0
"06","071","940100",1400000US06071940100,"06071940100","9401",Census Tract 9401,CA,San Bernardino County,California,CT,112508429,2592840
"06","071","010803",1400000US06071010803,"06071010803","108.03",Census Tract 108.03,CA,San Bernardino County,California,CT,5826577,0
"06","071","010804",1400000US06071010804,"06071010804","108.04",Census Tract 108.04,CA,San Bernardino County,California,CT,6648785,308820
"06","071","007904",1400000US06071007904,"06071007904","79.04",Census Tract 79.04,CA,San Bernardino County,California,CT,17411956,0
"06","071","012002",1400000US06071012002,"06071012002","120.02",Census Tract 120.02,CA,San Bernardino County,California,CT,13455381,112301
"06","071","004003",1400000US06071004003,"06071004003","40.03",Census Tract 40.03,CA,San Bernardino County,California,CT,7566833,0
"06","071","008602",1400000US06071008602,"06071008602","86.02",Census Tract 86.02,CA,San Bernardino County,California,CT,36891204,1251947
"06","071","011700",1400000US06071011700,"06071011700","117",Census Tract 117,CA,San Bernardino County,California,CT,420192532,1786638
"06","071","012001",1400000US06071012001,"06071012001","120.01",Census Tract 120.01,CA,San Bernardino County,California,CT,11520754,0
"06","071","011203",1400000US06071011203,"06071011203","112.03",Census Tract 112.03,CA,San Bernardino County,California,CT,5810686,420798
"06","071","000403",1400000US06071000403,"06071000403","4.03",Census Tract 4.03,CA,San Bernardino County,California,CT,3418716,0
"06","071","000205",1400000US06071000205,"06071000205","2.05",Census Tract 2.05,CA,San Bernardino County,California,CT,1621772,0
"06","071","000201",1400000US06071000201,"06071000201","2.01",Census Tract 2.01,CA,San Bernardino County,California,CT,2962811,0
"06","071","000118",1400000US06071000118,"06071000118","1.18",Census Tract 1.18,CA,San Bernardino County,California,CT,14235976,42223
"06","071","000605",1400000US06071000605,"06071000605","6.05",Census Tract 6.05,CA,San Bernardino County,California,CT,1279379,0
"06","071","000904",1400000US06071000904,"06071000904","9.04",Census Tract 9.04,CA,San Bernardino County,California,CT,1137892,0
"06","071","009708",1400000US06071009708,"06071009708","97.08",Census Tract 97.08,CA,San Bernardino County,California,CT,217746472,638023
"06","071","010023",1400000US06071010023,"06071010023","100.23",Census Tract 100.23,CA,San Bernardino County,California,CT,6366298,0
"06","071","000115",1400000US06071000115,"06071000115","1.15",Census Tract 1.15,CA,San Bernardino County,California,CT,12358222,0
"06","071","001809",1400000US06071001809,"06071001809","18.09",Census Tract 18.09,CA,San Bernardino County,California,CT,2351671,0
"06","071","001703",1400000US06071001703,"06071001703","17.03",Census Tract 17.03,CA,San Bernardino County,California,CT,1654722,0
"06","071","001704",1400000US06071001704,"06071001704","17.04",Census Tract 17.04,CA,San Bernardino County,California,CT,1860116,0
"06","071","011900",1400000US06071011900,"06071011900","119",Census Tract 119,CA,San Bernardino County,California,CT,359011524,0
"06","071","009717",1400000US06071009717,"06071009717","97.17",Census Tract 97.17,CA,San Bernardino County,California,CT,8093418,0
"06","071","010014",1400000US06071010014,"06071010014","100.14",Census Tract 100.14,CA,San Bernardino County,California,CT,3951346,0
"06","071","002037",1400000US06071002037,"06071002037","20.37",Census Tract 20.37,CA,San Bernardino County,California,CT,4607027,0
"06","071","002016",1400000US06071002016,"06071002016","20.16",Census Tract 20.16,CA,San Bernardino County,California,CT,1816451,3447
"06","071","000903",1400000US06071000903,"06071000903","9.03",Census Tract 9.03,CA,San Bernardino County,California,CT,1301864,0
"06","071","002101",1400000US06071002101,"06071002101","21.01",Census Tract 21.01,CA,San Bernardino County,California,CT,1186629,0
"06","071","001101",1400000US06071001101,"06071001101","11.01",Census Tract 11.01,CA,San Bernardino County,California,CT,791646,0
"06","071","002023",1400000US06071002023,"06071002023","20.23",Census Tract 20.23,CA,San Bernardino County,California,CT,1500270,0
"06","071","002035",1400000US06071002035,"06071002035","20.35",Census Tract 20.35,CA,San Bernardino County,California,CT,2155889,0
"06","071","012103",1400000US06071012103,"06071012103","121.03",Census Tract 121.03,CA,San Bernardino County,California,CT,141905046,0
"06","071","004104",1400000US06071004104,"06071004104","41.04",Census Tract 41.04,CA,San Bernardino County,California,CT,5111892,0
"06","071","003804",1400000US06071003804,"06071003804","38.04",Census Tract 38.04,CA,San Bernardino County,California,CT,3297783,221382
"06","071","004101",1400000US06071004101,"06071004101","41.01",Census Tract 41.01,CA,San Bernardino County,California,CT,3960234,0
"06","071","004510",1400000US06071004510,"06071004510","45.10",Census Tract 45.10,CA,San Bernardino County,California,CT,6078840,0
"06","071","007305",1400000US06071007305,"06071007305","73.05",Census Tract 73.05,CA,San Bernardino County,California,CT,1610433,0
"06","071","011101",1400000US06071011101,"06071011101","111.01",Census Tract 111.01,CA,San Bernardino County,California,CT,81346296,3311
"06","071","009119",1400000US06071009119,"06071009119","91.19",Census Tract 91.19,CA,San Bernardino County,California,CT,63966893,0
"06","071","010903",1400000US06071010903,"06071010903","109.03",Census Tract 109.03,CA,San Bernardino County,California,CT,7054725,599633
"06","071","007906",1400000US06071007906,"06071007906","79.06",Census Tract 79.06,CA,San Bernardino County,California,CT,9005769,14073
"06","071","010032",1400000US06071010032,"06071010032","100.32",Census Tract 100.32,CA,San Bernardino County,California,CT,4814591,0
"06","071","004512",1400000US06071004512,"06071004512","45.12",Census Tract 45.12,CA,San Bernardino County,California,CT,5817641,0
"06","071","010031",1400000US06071010031,"06071010031","100.31",Census Tract 100.31,CA,San Bernardino County,California,CT,3629489,0
"06","071","009120",1400000US06071009120,"06071009120","91.20",Census Tract 91.20,CA,San Bernardino County,California,CT,51247184,426
"06","071","010434",1400000US06071010434,"06071010434","104.34",Census Tract 104.34,CA,San Bernardino County,California,CT,8274943,0
"06","071","009125",1400000US06071009125,"06071009125","91.25",Census Tract 91.25,CA,San Bernardino County,California,CT,2289463,0
"06","071","008716",1400000US06071008716,"06071008716","87.16",Census Tract 87.16,CA,San Bernardino County,California,CT,4104092,0
"06","071","008712",1400000US06071008712,"06071008712","87.12",Census Tract 87.12,CA,San Bernardino County,California,CT,11906197,0
"06","071","008501",1400000US06071008501,"06071008501","85.01",Census Tract 85.01,CA,San Bernardino County,California,CT,4967187,0
"06","071","002403",1400000US06071002403,"06071002403","24.03",Census Tract 24.03,CA,San Bernardino County,California,CT,2638380,0
"06","071","002404",1400000US06071002404,"06071002404","24.04",Census Tract 24.04,CA,San Bernardino County,California,CT,1300066,0
"06","071","007001",1400000US06071007001,"06071007001","70.01",Census Tract 70.01,CA,San Bernardino County,California,CT,901070,0
"06","071","007307",1400000US06071007307,"06071007307","73.07",Census Tract 73.07,CA,San Bernardino County,California,CT,22526962,0
"06","071","007201",1400000US06071007201,"06071007201","72.01",Census Tract 72.01,CA,San Bernardino County,California,CT,1780911,0
"06","071","004902",1400000US06071004902,"06071004902","49.02",Census Tract 49.02,CA,San Bernardino County,California,CT,2856724,35274
"06","071","003201",1400000US06071003201,"06071003201","32.01",Census Tract 32.01,CA,San Bernardino County,California,CT,1296754,0
"06","071","003202",1400000US06071003202,"06071003202","32.02",Census Tract 32.02,CA,San Bernardino County,California,CT,1294810,0
"06","071","002313",1400000US06071002313,"06071002313","23.13",Census Tract 23.13,CA,San Bernardino County,California,CT,2010106,0
"06","071","000306",1400000US06071000306,"06071000306","3.06",Census Tract 3.06,CA,San Bernardino County,California,CT,2145533,0
"06","071","002111",1400000US06071002111,"06071002111","21.11",Census Tract 21.11,CA,San Bernardino County,California,CT,3484013,0
"06","071","002610",1400000US06071002610,"06071002610","26.10",Census Tract 26.10,CA,San Bernardino County,California,CT,781381,0
"06","071","002051",1400000US06071002051,"06071002051","20.51",Census Tract 20.51,CA,San Bernardino County,California,CT,1471411,0
"06","071","000305",1400000US06071000305,"06071000305","3.05",Census Tract 3.05,CA,San Bernardino County,California,CT,551490,0
"06","071","000120",1400000US06071000120,"06071000120","1.20",Census Tract 1.20,CA,San Bernardino County,California,CT,3759965,9094
"06","071","001907",1400000US06071001907,"06071001907","19.07",Census Tract 19.07,CA,San Bernardino County,California,CT,17944126,249662
"06","071","011802",1400000US06071011802,"06071011802","118.02",Census Tract 118.02,CA,San Bernardino County,California,CT,87830367,0
"06","071","002044",1400000US06071002044,"06071002044","20.44",Census Tract 20.44,CA,San Bernardino County,California,CT,2075477,21276
"06","071","002314",1400000US06071002314,"06071002314","23.14",Census Tract 23.14,CA,San Bernardino County,California,CT,4133452,0
"06","071","002310",1400000US06071002310,"06071002310","23.10",Census Tract 23.10,CA,San Bernardino County,California,CT,1546641,0
"06","071","002315",1400000US06071002315,"06071002315","23.15",Census Tract 23.15,CA,San Bernardino County,California,CT,2562025,0
"06","071","010427",1400000US06071010427,"06071010427","104.27",Census Tract 104.27,CA,San Bernardino County,California,CT,4909428,0
"06","071","010905",1400000US06071010905,"06071010905","109.05",Census Tract 109.05,CA,San Bernardino County,California,CT,81656354,1178386
"06","071","012105",1400000US06071012105,"06071012105","121.05",Census Tract 121.05,CA,San Bernardino County,California,CT,389656284,0
"06","071","000121",1400000US06071000121,"06071000121","1.21",Census Tract 1.21,CA,San Bernardino County,California,CT,23939885,0
"06","071","007308",1400000US06071007308,"06071007308","73.08",Census Tract 73.08,CA,San Bernardino County,California,CT,7447492,2371
"06","071","011004",1400000US06071011004,"06071011004","110.04",Census Tract 110.04,CA,San Bernardino County,California,CT,3666672,0
"06","071","009723",1400000US06071009723,"06071009723","97.23",Census Tract 97.23,CA,San Bernardino County,California,CT,9428771,10103
"06","071","009917",1400000US06071009917,"06071009917","99.17",Census Tract 99.17,CA,San Bernardino County,California,CT,3327398,0
"06","071","010027",1400000US06071010027,"06071010027","100.27",Census Tract 100.27,CA,San Bernardino County,California,CT,2925782,0
"06","071","010037",1400000US06071010037,"06071010037","100.37",Census Tract 100.37,CA,San Bernardino County,California,CT,7776318,0
"06","071","008004",1400000US06071008004,"06071008004","80.04",Census Tract 80.04,CA,San Bernardino County,California,CT,2264152,0
"06","071","000307",1400000US06071000307,"06071000307","3.07",Census Tract 3.07,CA,San Bernardino County,California,CT,1312030,0
"06","071","009724",1400000US06071009724,"06071009724","97.24",Census Tract 97.24,CA,San Bernardino County,California,CT,5278763,0
"06","071","000504",1400000US06071000504,"06071000504","5.04",Census Tract 5.04,CA,San Bernardino County,California,CT,10850946,0
"06","071","001901",1400000US06071001901,"06071001901","19.01",Census Tract 19.01,CA,San Bernardino County,California,CT,1941624,0
"06","071","000813",1400000US06071000813,"06071000813","8.13",Census Tract 8.13,CA,San Bernardino County,California,CT,2704879,86983
"06","071","000815",1400000US06071000815,"06071000815","8.15",Census Tract 8.15,CA,San Bernardino County,California,CT,2489056,0
"06","071","000819",1400000US06071000819,"06071000819","8.19",Census Tract 8.19,CA,San Bernardino County,California,CT,3244573,0
"06","071","003605",1400000US06071003605,"06071003605","36.05",Census Tract 36.05,CA,San Bernardino County,California,CT,1298177,0
"06","071","007306",1400000US06071007306,"06071007306","73.06",Census Tract 73.06,CA,San Bernardino County,California,CT,3322314,0
"06","071","009911",1400000US06071009911,"06071009911","99.11",Census Tract 99.11,CA,San Bernardino County,California,CT,4516596,0
"06","071","012101",1400000US06071012101,"06071012101","121.01",Census Tract 121.01,CA,San Bernardino County,California,CT,103422572,149543
"06","071","012400",1400000US06071012400,"06071012400","124",Census Tract 124,CA,San Bernardino County,California,CT,8363264,404481
"06","071","003607",1400000US06071003607,"06071003607","36.07",Census Tract 36.07,CA,San Bernardino County,California,CT,1827431,0
"06","071","002705",1400000US06071002705,"06071002705","27.05",Census Tract 27.05,CA,San Bernardino County,California,CT,2797995,0
"06","071","002306",1400000US06071002306,"06071002306","23.06",Census Tract 23.06,CA,San Bernardino County,California,CT,5070969,0
"06","071","004302",1400000US06071004302,"06071004302","43.02",Census Tract 43.02,CA,San Bernardino County,California,CT,3014226,37190
"06","071","002501",1400000US06071002501,"06071002501","25.01",Census Tract 25.01,CA,San Bernardino County,California,CT,3990972,0
"06","071","008901",1400000US06071008901,"06071008901","89.01",Census Tract 89.01,CA,San Bernardino County,California,CT,3518210253,10891060
"06","071","000207",1400000US06071000207,"06071000207","2.07",Census Tract 2.07,CA,San Bernardino County,California,CT,1267405,0
"06","071","010012",1400000US06071010012,"06071010012","100.12",Census Tract 100.12,CA,San Bernardino County,California,CT,11204886,62726
"06","071","002604",1400000US06071002604,"06071002604","26.04",Census Tract 26.04,CA,San Bernardino County,California,CT,1097637,0
"06","071","001310",1400000US06071001310,"06071001310","13.10",Census Tract 13.10,CA,San Bernardino County,California,CT,1417244,0
"06","071","009714",1400000US06071009714,"06071009714","97.14",Census Tract 97.14,CA,San Bernardino County,California,CT,10116545,0
"06","071","010022",1400000US06071010022,"06071010022","100.22",Census Tract 100.22,CA,San Bernardino County,California,CT,4719878,0
"06","071","010015",1400000US06071010015,"06071010015","100.15",Census Tract 100.15,CA,San Bernardino County,California,CT,5971603,0
"06","071","000603",1400000US06071000603,"06071000603","6.03",Census Tract 6.03,CA,San Bernardino County,California,CT,1990449,0
"06","071","012700",1400000US06071012700,"06071012700","127",Census Tract 127,CA,San Bernardino County,California,CT,26807875,0
"06","071","010402",1400000US06071010402,"06071010402","104.02",Census Tract 104.02,CA,San Bernardino County,California,CT,2419463013,0
"06","071","010413",1400000US06071010413,"06071010413","104.13",Census Tract 104.13,CA,San Bernardino County,California,CT,57792876,0
"06","071","011206",1400000US06071011206,"06071011206","112.06",Census Tract 112.06,CA,San Bernardino County,California,CT,3563234,3552
"06","071","000122",1400000US06071000122,"06071000122","1.22",Census Tract 1.22,CA,San Bernardino County,California,CT,30904188,0
"06","071","010034",1400000US06071010034,"06071010034","100.34",Census Tract 100.34,CA,San Bernardino County,California,CT,55677225,0
"06","071","010906",1400000US06071010906,"06071010906","109.06",Census Tract 109.06,CA,San Bernardino County,California,CT,4345093,1471745
"06","071","010904",1400000US06071010904,"06071010904","109.04",Census Tract 109.04,CA,San Bernardino County,California,CT,6104095,25948
"06","071","010035",1400000US06071010035,"06071010035","100.35",Census Tract 100.35,CA,San Bernardino County,California,CT,2613248,0
"06","071","009133",1400000US06071009133,"06071009133","91.33",Census Tract 91.33,CA,San Bernardino County,California,CT,152803270,0
"06","071","006102",1400000US06071006102,"06071006102","61.02",Census Tract 61.02,CA,San Bernardino County,California,CT,1725987,0
"06","071","008713",1400000US06071008713,"06071008713","87.13",Census Tract 87.13,CA,San Bernardino County,California,CT,4087845,0
"06","071","002406",1400000US06071002406,"06071002406","24.06",Census Tract 24.06,CA,San Bernardino County,California,CT,2394436,0
"06","071","004511",1400000US06071004511,"06071004511","45.11",Census Tract 45.11,CA,San Bernardino County,California,CT,1598169,0
"06","071","002112",1400000US06071002112,"06071002112","21.12",Census Tract 21.12,CA,San Bernardino County,California,CT,9109657,0
"06","071","011601",1400000US06071011601,"06071011601","116.01",Census Tract 116.01,CA,San Bernardino County,California,CT,15093025,1271933
"06","071","009916",1400000US06071009916,"06071009916","99.16",Census Tract 99.16,CA,San Bernardino County,California,CT,4046325,0
"06","071","004301",1400000US06071004301,"06071004301","43.01",Census Tract 43.01,CA,San Bernardino County,California,CT,1385993,0
"06","071","004004",1400000US06071004004,"06071004004","40.04",Census Tract 40.04,CA,San Bernardino County,California,CT,21325309,980665
"06","071","000804",1400000US06071000804,"06071000804","8.04",Census Tract 8.04,CA,San Bernardino County,California,CT,6443914,417287
"06","071","001103",1400000US06071001103,"06071001103","11.03",Census Tract 11.03,CA,San Bernardino County,California,CT,1672685,0
"06","071","009135",1400000US06071009135,"06071009135","91.35",Census Tract 91.35,CA,San Bernardino County,California,CT,19362772,0
"06","071","008406",1400000US06071008406,"06071008406","84.06",Census Tract 84.06,CA,San Bernardino County,California,CT,5709224,0
"06","071","002709",1400000US06071002709,"06071002709","27.09",Census Tract 27.09,CA,San Bernardino County,California,CT,13642108,0
"06","071","002405",1400000US06071002405,"06071002405","24.05",Census Tract 24.05,CA,San Bernardino County,California,CT,1509028,0
"06","071","010429",1400000US06071010429,"06071010429","104.29",Census Tract 104.29,CA,San Bernardino County,California,CT,15253491,0
"06","071","009721",1400000US06071009721,"06071009721","97.21",Census Tract 97.21,CA,San Bernardino County,California,CT,3990198,0
"06","071","009136",1400000US06071009136,"06071009136","91.36",Census Tract 91.36,CA,San Bernardino County,California,CT,19261047,0
"06","071","007002",1400000US06071007002,"06071007002","70.02",Census Tract 70.02,CA,San Bernardino County,California,CT,1584359,0
"06","071","002047",1400000US06071002047,"06071002047","20.47",Census Tract 20.47,CA,San Bernardino County,California,CT,1796676,0
"06","071","009918",1400000US06071009918,"06071009918","99.18",Census Tract 99.18,CA,San Bernardino County,California,CT,2184700,0
"06","071","011408",1400000US06071011408,"06071011408","114.08",Census Tract 114.08,CA,San Bernardino County,California,CT,5854203,0
"06","071","012106",1400000US06071012106,"06071012106","121.06",Census Tract 121.06,CA,San Bernardino County,California,CT,917781904,0
"06","071","001702",1400000US06071001702,"06071001702","17.02",Census Tract 17.02,CA,San Bernardino County,California,CT,2820668,0
"06","071","010024",1400000US06071010024,"06071010024","100.24",Census Tract 100.24,CA,San Bernardino County,California,CT,98919697,315381
"06","071","010700",1400000US06071010700,"06071010700","107",Census Tract 107,CA,San Bernardino County,California,CT,139316510,0
"06","071","010415",1400000US06071010415,"06071010415","104.15",Census Tract 104.15,CA,San Bernardino County,California,CT,19526164,0
"06","071","004403",1400000US06071004403,"06071004403","44.03",Census Tract 44.03,CA,San Bernardino County,California,CT,1332368,0
"06","071","002901",1400000US06071002901,"06071002901","29.01",Census Tract 29.01,CA,San Bernardino County,California,CT,1296478,0
"06","071","002206",1400000US06071002206,"06071002206","22.06",Census Tract 22.06,CA,San Bernardino County,California,CT,1984320,22016
"06","071","000401",1400000US06071000401,"06071000401","4.01",Census Tract 4.01,CA,San Bernardino County,California,CT,5985371,0
"06","071","025000",1400000US06071025000,"06071025000","250",Census Tract 250,CA,San Bernardino County,California,CT,2771277904,18684
"06","071","001813",1400000US06071001813,"06071001813","18.13",Census Tract 18.13,CA,San Bernardino County,California,CT,1549571,0
"06","071","010420",1400000US06071010420,"06071010420","104.20",Census Tract 104.20,CA,San Bernardino County,California,CT,97382252,0
"06","071","010432",1400000US06071010432,"06071010432","104.32",Census Tract 104.32,CA,San Bernardino County,California,CT,336026638,0
"06","071","010436",1400000US06071010436,"06071010436","104.36",Census Tract 104.36,CA,San Bernardino County,California,CT,132113545,0
"06","071","010430",1400000US06071010430,"06071010430","104.30",Census Tract 104.30,CA,San Bernardino County,California,CT,12287674,0
"06","071","002207",1400000US06071002207,"06071002207","22.07",Census Tract 22.07,CA,San Bernardino County,California,CT,7977011,0
"06","071","002105",1400000US06071002105,"06071002105","21.05",Census Tract 21.05,CA,San Bernardino County,California,CT,3363837,0
"06","071","001309",1400000US06071001309,"06071001309","13.09",Census Tract 13.09,CA,San Bernardino County,California,CT,1302941,0
"06","071","003612",1400000US06071003612,"06071003612","36.12",Census Tract 36.12,CA,San Bernardino County,California,CT,2930720,0
"06","071","004507",1400000US06071004507,"06071004507","45.07",Census Tract 45.07,CA,San Bernardino County,California,CT,1884944,0
"06","071","009109",1400000US06071009109,"06071009109","91.09",Census Tract 91.09,CA,San Bernardino County,California,CT,54452185,0
"06","071","003404",1400000US06071003404,"06071003404","34.04",Census Tract 34.04,CA,San Bernardino County,California,CT,1013153,0
"06","071","002609",1400000US06071002609,"06071002609","26.09",Census Tract 26.09,CA,San Bernardino County,California,CT,12816654,0
"06","071","001908",1400000US06071001908,"06071001908","19.08",Census Tract 19.08,CA,San Bernardino County,California,CT,14622958,0
"06","071","009502",1400000US06071009502,"06071009502","95.02",Census Tract 95.02,CA,San Bernardino County,California,CT,3310538,0
"06","071","009722",1400000US06071009722,"06071009722","97.22",Census Tract 97.22,CA,San Bernardino County,California,CT,4896197,0
"06","071","009713",1400000US06071009713,"06071009713","97.13",Census Tract 97.13,CA,San Bernardino County,California,CT,20049137,0
"06","071","004603",1400000US06071004603,"06071004603","46.03",Census Tract 46.03,CA,San Bernardino County,California,CT,4265989,0
"06","071","005800",1400000US06071005800,"06071005800","58",Census Tract 58,CA,San Bernardino County,California,CT,1626333,40644
"06","071","007104",1400000US06071007104,"06071007104","71.04",Census Tract 71.04,CA,San Bernardino County,California,CT,3660079,0
"06","071","011002",1400000US06071011002,"06071011002","110.02",Census Tract 110.02,CA,San Bernardino County,California,CT,78517925,0
"06","071","010426",1400000US06071010426,"06071010426","104.26",Census Tract 104.26,CA,San Bernardino County,California,CT,91095714,0
"06","071","006101",1400000US06071006101,"06071006101","61.01",Census Tract 61.01,CA,San Bernardino County,California,CT,2634721,0
"06","071","008715",1400000US06071008715,"06071008715","87.15",Census Tract 87.15,CA,San Bernardino County,California,CT,14762292,0
"06","071","012201",1400000US06071012201,"06071012201","122.01",Census Tract 122.01,CA,San Bernardino County,California,CT,3714520,0
"06","071","009726",1400000US06071009726,"06071009726","97.26",Census Tract 97.26,CA,San Bernardino County,California,CT,6457686,0
"06","071","009913",1400000US06071009913,"06071009913","99.13",Census Tract 99.13,CA,San Bernardino County,California,CT,12081616,120971
"06","071","010425",1400000US06071010425,"06071010425","104.25",Census Tract 104.25,CA,San Bernardino County,California,CT,3476093771,53327
"06","071","010431",1400000US06071010431,"06071010431","104.31",Census Tract 104.31,CA,San Bernardino County,California,CT,162884679,0
"06","071","004201",1400000US06071004201,"06071004201","42.01",Census Tract 42.01,CA,San Bernardino County,California,CT,3227622,179601
"06","071","007105",1400000US06071007105,"06071007105","71.05",Census Tract 71.05,CA,San Bernardino County,California,CT,4405013,0
"06","071","006601",1400000US06071006601,"06071006601","66.01",Census Tract 66.01,CA,San Bernardino County,California,CT,2069668,0
"06","071","010424",1400000US06071010424,"06071010424","104.24",Census Tract 104.24,CA,San Bernardino County,California,CT,1679263094,0
"06","071","000109",1400000US06071000109,"06071000109","1.09",Census Tract 1.09,CA,San Bernardino County,California,CT,3251828,0
"06","071","010010",1400000US06071010010,"06071010010","100.10",Census Tract 100.10,CA,San Bernardino County,California,CT,10850191,0
"06","071","002204",1400000US06071002204,"06071002204","22.04",Census Tract 22.04,CA,San Bernardino County,California,CT,19290381,0
"06","071","009720",1400000US06071009720,"06071009720","97.20",Census Tract 97.20,CA,San Bernardino County,California,CT,1118842,0
"06","071","010029",1400000US06071010029,"06071010029","100.29",Census Tract 100.29,CA,San Bernardino County,California,CT,5999572,34056
"06","071","006502",1400000US06071006502,"06071006502","65.02",Census Tract 65.02,CA,San Bernardino County,California,CT,1655880,0
"06","071","002611",1400000US06071002611,"06071002611","26.11",Census Tract 26.11,CA,San Bernardino County,California,CT,4025637,0
"06","071","009400",1400000US06071009400,"06071009400","94",Census Tract 94,CA,San Bernardino County,California,CT,11159702,0
"06","071","011407",1400000US06071011407,"06071011407","114.07",Census Tract 114.07,CA,San Bernardino County,California,CT,4074292,0
"06","071","000103",1400000US06071000103,"06071000103","1.03",Census Tract 1.03,CA,San Bernardino County,California,CT,2844033,0
"06","071","004503",1400000US06071004503,"06071004503","45.03",Census Tract 45.03,CA,San Bernardino County,California,CT,13623664,0
"06","071","003301",1400000US06071003301,"06071003301","33.01",Census Tract 33.01,CA,San Bernardino County,California,CT,1935229,0
"06","071","000821",1400000US06071000821,"06071000821","8.21",Census Tract 8.21,CA,San Bernardino County,California,CT,2508715,0
"06","071","003609",1400000US06071003609,"06071003609","36.09",Census Tract 36.09,CA,San Bernardino County,California,CT,2186018,0
"06","071","003507",1400000US06071003507,"06071003507","35.07",Census Tract 35.07,CA,San Bernardino County,California,CT,1630743,0
"06","071","007303",1400000US06071007303,"06071007303","73.03",Census Tract 73.03,CA,San Bernardino County,California,CT,2690526,0
"06","071","002013",1400000US06071002013,"06071002013","20.13",Census Tract 20.13,CA,San Bernardino County,California,CT,2040204,0
"06","071","007111",1400000US06071007111,"06071007111","71.11",Census Tract 71.11,CA,San Bernardino County,California,CT,1696606,0
"06","071","000814",1400000US06071000814,"06071000814","8.14",Census Tract 8.14,CA,San Bernardino County,California,CT,2772686,0
"06","071","002028",1400000US06071002028,"06071002028","20.28",Census Tract 20.28,CA,San Bernardino County,California,CT,2092622,0
"06","071","010028",1400000US06071010028,"06071010028","100.28",Census Tract 100.28,CA,San Bernardino County,California,CT,9409380,0
"06","071","005101",1400000US06071005101,"06071005101","51.01",Census Tract 51.01,CA,San Bernardino County,California,CT,3186813,0
"06","071","002041",1400000US06071002041,"06071002041","20.41",Census Tract 20.41,CA,San Bernardino County,California,CT,7283225,0
"06","071","003803",1400000US06071003803,"06071003803","38.03",Census Tract 38.03,CA,San Bernardino County,California,CT,1645998,0
"06","071","002109",1400000US06071002109,"06071002109","21.09",Census Tract 21.09,CA,San Bernardino County,California,CT,4774265,53055
"06","071","001001",1400000US06071001001,"06071001001","10.01",Census Tract 10.01,CA,San Bernardino County,California,CT,1445442,0
"06","071","009727",1400000US06071009727,"06071009727","97.27",Census Tract 97.27,CA,San Bernardino County,California,CT,2468672,0
"06","071","004202",1400000US06071004202,"06071004202","42.02",Census Tract 42.02,CA,San Bernardino County,California,CT,1814584,0
"06","071","008711",1400000US06071008711,"06071008711","87.11",Census Tract 87.11,CA,San Bernardino County,California,CT,48238863,11185
